x_position/Potential,0,1,2,3,4,
0.000000,0.000301,0.000350,0.000381,0.000345,0.000353,
0.002004,0.000602,0.000701,0.000761,0.000690,0.000706,
0.004008,0.000903,0.001051,0.001142,0.001035,0.001059,
0.006012,0.001203,0.001401,0.001522,0.001381,0.001412,
0.008016,0.001504,0.001751,0.001903,0.001726,0.001765,
0.010020,0.001805,0.002102,0.002283,0.002071,0.002118,
0.012024,0.002106,0.002452,0.002664,0.002416,0.002471,
0.014028,0.002407,0.002802,0.003044,0.002761,0.002824,
0.016032,0.002708,0.003152,0.003424,0.003106,0.003176,
0.018036,0.003009,0.003503,0.003804,0.003450,0.003529,
0.020040,0.003309,0.003853,0.004184,0.003795,0.003882,
0.022044,0.003610,0.004203,0.004564,0.004140,0.004235,
0.024048,0.003911,0.004554,0.004944,0.004484,0.004587,
0.026052,0.004212,0.004904,0.005324,0.004829,0.004940,
0.028056,0.004513,0.005254,0.005703,0.005173,0.005292,
0.030060,0.004814,0.005604,0.006083,0.005517,0.005644,
0.032064,0.005114,0.005955,0.006462,0.005861,0.005997,
0.034068,0.005415,0.006305,0.006841,0.006205,0.006349,
0.036072,0.005716,0.006655,0.007220,0.006549,0.006701,
0.038076,0.006017,0.007005,0.007599,0.006892,0.007053,
0.040080,0.006318,0.007355,0.007977,0.007236,0.007405,
0.042084,0.006618,0.007706,0.008355,0.007579,0.007756,
0.044088,0.006919,0.008056,0.008734,0.007922,0.008108,
0.046092,0.007220,0.008406,0.009111,0.008265,0.008459,
0.048096,0.007520,0.008756,0.009489,0.008608,0.008811,
0.050100,0.007821,0.009107,0.009866,0.008950,0.009162,
0.052104,0.008122,0.009457,0.010243,0.009293,0.009513,
0.054108,0.008422,0.009807,0.010620,0.009635,0.009864,
0.056112,0.008723,0.010157,0.010997,0.009977,0.010214,
0.058116,0.009024,0.010507,0.011373,0.010318,0.010565,
0.060120,0.009324,0.010858,0.011749,0.010659,0.010915,
0.062124,0.009625,0.011208,0.012125,0.011001,0.011266,
0.064128,0.009926,0.011558,0.012500,0.011341,0.011616,
0.066132,0.010226,0.011908,0.012875,0.011682,0.011965,
0.068136,0.010527,0.012258,0.013250,0.012022,0.012315,
0.070140,0.010827,0.012608,0.013624,0.012362,0.012664,
0.072144,0.011128,0.012959,0.013998,0.012702,0.013014,
0.074148,0.011428,0.013309,0.014372,0.013041,0.013363,
0.076152,0.011729,0.013659,0.014745,0.013380,0.013712,
0.078156,0.012029,0.014009,0.015118,0.013719,0.014060,
0.080160,0.012330,0.014359,0.015491,0.014057,0.014408,
0.082164,0.012630,0.014709,0.015863,0.014396,0.014757,
0.084168,0.012931,0.015059,0.016234,0.014733,0.015104,
0.086172,0.013231,0.015409,0.016606,0.015071,0.015452,
0.088176,0.013531,0.015759,0.016976,0.015408,0.015799,
0.090180,0.013832,0.016109,0.017347,0.015744,0.016147,
0.092184,0.014132,0.016460,0.017717,0.016081,0.016494,
0.094188,0.014432,0.016810,0.018086,0.016417,0.016840,
0.096192,0.014732,0.017160,0.018455,0.016752,0.017186,
0.098196,0.015033,0.017510,0.018823,0.017087,0.017533,
0.100200,0.015333,0.017860,0.019191,0.017422,0.017878,
0.102204,0.015633,0.018210,0.019559,0.017756,0.018224,
0.104208,0.015933,0.018560,0.019926,0.018090,0.018569,
0.106212,0.016233,0.018910,0.020292,0.018423,0.018914,
0.108216,0.016533,0.019260,0.020658,0.018756,0.019258,
0.110220,0.016833,0.019610,0.021024,0.019089,0.019603,
0.112224,0.017133,0.019960,0.021389,0.019421,0.019947,
0.114228,0.017433,0.020310,0.021753,0.019753,0.020290,
0.116232,0.017733,0.020659,0.022117,0.020084,0.020634,
0.118236,0.018033,0.021009,0.022480,0.020414,0.020977,
0.120240,0.018333,0.021359,0.022842,0.020745,0.021319,
0.122244,0.018633,0.021709,0.023204,0.021074,0.021662,
0.124248,0.018933,0.022059,0.023566,0.021403,0.022004,
0.126253,0.019233,0.022409,0.023926,0.021732,0.022345,
0.128257,0.019533,0.022759,0.024287,0.022060,0.022686,
0.130261,0.019832,0.023109,0.024646,0.022388,0.023027,
0.132265,0.020132,0.023459,0.025005,0.022715,0.023368,
0.134269,0.020432,0.023808,0.025363,0.023041,0.023708,
0.136273,0.020731,0.024158,0.025721,0.023367,0.024048,
0.138277,0.021031,0.024508,0.026077,0.023693,0.024387,
0.140281,0.021330,0.024858,0.026434,0.024018,0.024726,
0.142285,0.021630,0.025207,0.026789,0.024342,0.025064,
0.144289,0.021929,0.025557,0.027144,0.024666,0.025403,
0.146293,0.022229,0.025907,0.027498,0.024989,0.025740,
0.148297,0.022528,0.026257,0.027851,0.025311,0.026078,
0.150301,0.022828,0.026606,0.028204,0.025633,0.026414,
0.152305,0.023127,0.026956,0.028556,0.025954,0.026751,
0.154309,0.023426,0.027306,0.028907,0.026275,0.027087,
0.156313,0.023726,0.027655,0.029257,0.026595,0.027423,
0.158317,0.024025,0.028005,0.029607,0.026915,0.027758,
0.160321,0.024324,0.028354,0.029956,0.027233,0.028092,
0.162325,0.024623,0.028704,0.030304,0.027551,0.028427,
0.164329,0.024922,0.029054,0.030651,0.027869,0.028760,
0.166333,0.025221,0.029403,0.030997,0.028186,0.029094,
0.168337,0.025520,0.029753,0.031343,0.028502,0.029427,
0.170341,0.025819,0.030102,0.031688,0.028817,0.029759,
0.172345,0.026118,0.030451,0.032032,0.029132,0.030091,
0.174349,0.026417,0.030801,0.032375,0.029446,0.030422,
0.176353,0.026716,0.031150,0.032717,0.029759,0.030753,
0.178357,0.027014,0.031500,0.033059,0.030072,0.031084,
0.180361,0.027313,0.031849,0.033399,0.030384,0.031413,
0.182365,0.027612,0.032198,0.033739,0.030695,0.031743,
0.184369,0.027910,0.032548,0.034078,0.031005,0.032072,
0.186373,0.028209,0.032897,0.034416,0.031315,0.032400,
0.188377,0.028507,0.033246,0.034753,0.031624,0.032728,
0.190381,0.028806,0.033595,0.035089,0.031932,0.033055,
0.192385,0.029104,0.033944,0.035424,0.032240,0.033382,
0.194389,0.029403,0.034293,0.035758,0.032546,0.033708,
0.196393,0.029701,0.034642,0.036091,0.032852,0.034034,
0.198397,0.029999,0.034991,0.036424,0.033157,0.034359,
0.200401,0.030297,0.035340,0.036755,0.033462,0.034683,
0.202405,0.030595,0.035689,0.037085,0.033765,0.035007,
0.204409,0.030893,0.036038,0.037415,0.034068,0.035331,
0.206413,0.031192,0.036387,0.037743,0.034370,0.035653,
0.208417,0.031489,0.036735,0.038071,0.034671,0.035976,
0.210421,0.031787,0.037084,0.038397,0.034971,0.036297,
0.212425,0.032085,0.037432,0.038722,0.035270,0.036618,
0.214429,0.032383,0.037781,0.039047,0.035569,0.036938,
0.216433,0.032681,0.038129,0.039370,0.035866,0.037258,
0.218437,0.032978,0.038477,0.039692,0.036163,0.037577,
0.220441,0.033276,0.038825,0.040014,0.036459,0.037896,
0.222445,0.033574,0.039174,0.040334,0.036754,0.038214,
0.224449,0.033871,0.039521,0.040653,0.037049,0.038531,
0.226453,0.034168,0.039869,0.040971,0.037342,0.038848,
0.228457,0.034466,0.040217,0.041287,0.037634,0.039164,
0.230461,0.034763,0.040565,0.041603,0.037926,0.039479,
0.232465,0.035060,0.040912,0.041918,0.038217,0.039793,
0.234469,0.035357,0.041259,0.042231,0.038506,0.040107,
0.236473,0.035654,0.041606,0.042544,0.038795,0.040421,
0.238477,0.035951,0.041953,0.042855,0.039083,0.040733,
0.240481,0.036248,0.042300,0.043165,0.039370,0.041045,
0.242485,0.036545,0.042647,0.043474,0.039656,0.041356,
0.244489,0.036842,0.042993,0.043782,0.039941,0.041667,
0.246493,0.037139,0.043339,0.044088,0.040225,0.041976,
0.248497,0.037435,0.043685,0.044393,0.040508,0.042285,
0.250501,0.037732,0.044031,0.044697,0.040790,0.042594,
0.252505,0.038028,0.044376,0.045000,0.041071,0.042901,
0.254509,0.038325,0.044721,0.045302,0.041352,0.043208,
0.256513,0.038621,0.045066,0.045602,0.041631,0.043514,
0.258517,0.038917,0.045410,0.045901,0.041909,0.043819,
0.260521,0.039213,0.045754,0.046199,0.042186,0.044123,
0.262525,0.039509,0.046098,0.046496,0.042462,0.044427,
0.264529,0.039805,0.046441,0.046791,0.042737,0.044729,
0.266533,0.040101,0.046784,0.047085,0.043012,0.045031,
0.268537,0.040396,0.047127,0.047378,0.043285,0.045332,
0.270541,0.040692,0.047469,0.047669,0.043557,0.045633,
0.272545,0.040987,0.047810,0.047959,0.043828,0.045932,
0.274549,0.041283,0.048151,0.048248,0.044098,0.046231,
0.276553,0.041578,0.048492,0.048535,0.044367,0.046528,
0.278557,0.041873,0.048832,0.048821,0.044635,0.046825,
0.280561,0.042168,0.049171,0.049105,0.044901,0.047121,
0.282565,0.042463,0.049510,0.049388,0.045167,0.047416,
0.284569,0.042758,0.049848,0.049670,0.045432,0.047710,
0.286573,0.043052,0.050185,0.049950,0.045695,0.048003,
0.288577,0.043347,0.050522,0.050229,0.045958,0.048295,
0.290581,0.043641,0.050857,0.050506,0.046219,0.048586,
0.292585,0.043935,0.051192,0.050782,0.046479,0.048876,
0.294589,0.044229,0.051526,0.051056,0.046739,0.049165,
0.296593,0.044523,0.051859,0.051328,0.046997,0.049453,
0.298597,0.044816,0.052191,0.051600,0.047254,0.049740,
0.300601,0.045109,0.052522,0.051869,0.047509,0.050026,
0.302605,0.045403,0.052853,0.052137,0.047764,0.050311,
0.304609,0.045696,0.053181,0.052404,0.048017,0.050595,
0.306613,0.045988,0.053509,0.052668,0.048270,0.050877,
0.308617,0.046281,0.053836,0.052931,0.048521,0.051159,
0.310621,0.046573,0.054161,0.053193,0.048771,0.051439,
0.312625,0.046865,0.054485,0.053453,0.049020,0.051719,
0.314629,0.047157,0.054807,0.053711,0.049268,0.051997,
0.316633,0.047448,0.055128,0.053967,0.049514,0.052273,
0.318637,0.047740,0.055448,0.054222,0.049759,0.052549,
0.320641,0.048030,0.055766,0.054475,0.050003,0.052823,
0.322645,0.048321,0.056082,0.054726,0.050246,0.053096,
0.324649,0.048611,0.056397,0.054975,0.050488,0.053368,
0.326653,0.048901,0.056709,0.055222,0.050729,0.053638,
0.328657,0.049191,0.057020,0.055468,0.050968,0.053907,
0.330661,0.049480,0.057329,0.055712,0.051206,0.054175,
0.332665,0.049769,0.057636,0.055953,0.051443,0.054441,
0.334669,0.050057,0.057941,0.056193,0.051678,0.054705,
0.336673,0.050345,0.058244,0.056431,0.051913,0.054969,
0.338677,0.050632,0.058544,0.056667,0.052146,0.055230,
0.340681,0.050919,0.058842,0.056901,0.052378,0.055491,
0.342685,0.051206,0.059138,0.057133,0.052608,0.055749,
0.344689,0.051492,0.059431,0.057362,0.052837,0.056006,
0.346693,0.051777,0.059721,0.057590,0.053065,0.056262,
0.348697,0.052062,0.060009,0.057815,0.053292,0.056516,
0.350701,0.052346,0.060294,0.058039,0.053518,0.056768,
0.352705,0.052630,0.060577,0.058260,0.053742,0.057018,
0.354709,0.052913,0.060856,0.058479,0.053965,0.057267,
0.356713,0.053195,0.061132,0.058695,0.054186,0.057514,
0.358717,0.053476,0.061406,0.058910,0.054407,0.057759,
0.360721,0.053757,0.061676,0.059122,0.054626,0.058002,
0.362725,0.054037,0.061943,0.059332,0.054843,0.058243,
0.364729,0.054316,0.062206,0.059539,0.055059,0.058483,
0.366733,0.054595,0.062466,0.059744,0.055274,0.058720,
0.368737,0.054872,0.062722,0.059947,0.055488,0.058955,
0.370741,0.055148,0.062975,0.060147,0.055700,0.059189,
0.372745,0.055424,0.063224,0.060344,0.055911,0.059420,
0.374749,0.055698,0.063469,0.060539,0.056120,0.059649,
0.376754,0.055972,0.063711,0.060732,0.056329,0.059877,
0.378758,0.056244,0.063948,0.060922,0.056535,0.060101,
0.380762,0.056515,0.064181,0.061109,0.056741,0.060324,
0.382766,0.056785,0.064410,0.061294,0.056945,0.060545,
0.384770,0.057054,0.064635,0.061476,0.057147,0.060763,
0.386774,0.057321,0.064855,0.061655,0.057348,0.060978,
0.388778,0.057587,0.065071,0.061832,0.057548,0.061192,
0.390782,0.057852,0.065283,0.062005,0.057746,0.061403,
0.392786,0.058115,0.065489,0.062176,0.057943,0.061611,
0.394790,0.058377,0.065692,0.062344,0.058138,0.061817,
0.396794,0.058637,0.065889,0.062509,0.058332,0.062021,
0.398798,0.058896,0.066082,0.062671,0.058524,0.062222,
0.400802,0.059153,0.066269,0.062831,0.058715,0.062420,
0.402806,0.059408,0.066452,0.062987,0.058904,0.062615,
0.404810,0.059661,0.066629,0.063140,0.059092,0.062808,
0.406814,0.059913,0.066802,0.063290,0.059278,0.062998,
0.408818,0.060163,0.066969,0.063437,0.059463,0.063185,
0.410822,0.060410,0.067131,0.063580,0.059646,0.063370,
0.412826,0.060656,0.067288,0.063720,0.059828,0.063551,
0.414830,0.060900,0.067439,0.063857,0.060008,0.063730,
0.416834,0.061141,0.067585,0.063991,0.060186,0.063905,
0.418838,0.061380,0.067726,0.064121,0.060363,0.064078,
0.420842,0.061617,0.067860,0.064248,0.060538,0.064248,
0.422846,0.061852,0.067990,0.064371,0.060711,0.064414,
0.424850,0.062084,0.068113,0.064491,0.060882,0.064577,
0.426854,0.062314,0.068231,0.064607,0.061052,0.064737,
0.428858,0.062541,0.068344,0.064719,0.061220,0.064894,
0.430862,0.062766,0.068450,0.064827,0.061386,0.065047,
0.432866,0.062987,0.068551,0.064932,0.061551,0.065197,
0.434870,0.063206,0.068646,0.065032,0.061713,0.065344,
0.436874,0.063423,0.068735,0.065129,0.061874,0.065487,
0.438878,0.063636,0.068818,0.065221,0.062033,0.065626,
0.440882,0.063846,0.068895,0.065310,0.062189,0.065762,
0.442886,0.064054,0.068967,0.065394,0.062344,0.065895,
0.444890,0.064258,0.069032,0.065474,0.062497,0.066023,
0.446894,0.064459,0.069092,0.065549,0.062648,0.066148,
0.448898,0.064657,0.069145,0.065621,0.062796,0.066269,
0.450902,0.064851,0.069193,0.065688,0.062942,0.066386,
0.452906,0.065042,0.069235,0.065750,0.063086,0.066499,
0.454910,0.065230,0.069271,0.065808,0.063228,0.066608,
0.456914,0.065414,0.069301,0.065861,0.063368,0.066713,
0.458918,0.065595,0.069325,0.065909,0.063505,0.066814,
0.460922,0.065772,0.069343,0.065953,0.063640,0.066911,
0.462926,0.065945,0.069355,0.065992,0.063772,0.067003,
0.464930,0.066114,0.069361,0.066026,0.063901,0.067091,
0.466934,0.066279,0.069362,0.066055,0.064028,0.067174,
0.468938,0.066441,0.069356,0.066080,0.064153,0.067253,
0.470942,0.066599,0.069345,0.066100,0.064274,0.067327,
0.472946,0.066752,0.069328,0.066114,0.064393,0.067396,
0.474950,0.066901,0.069305,0.066124,0.064509,0.067460,
0.476954,0.067047,0.069277,0.066129,0.064622,0.067520,
0.478958,0.067188,0.069243,0.066130,0.064732,0.067575,
0.480962,0.067324,0.069203,0.066125,0.064838,0.067624,
0.482966,0.067457,0.069158,0.066115,0.064942,0.067668,
0.484970,0.067584,0.069107,0.066101,0.065042,0.067708,
0.486974,0.067708,0.069050,0.066082,0.065139,0.067741,
0.488978,0.067827,0.068989,0.066058,0.065233,0.067770,
0.490982,0.067941,0.068921,0.066029,0.065323,0.067793,
0.492986,0.068050,0.068849,0.065996,0.065410,0.067810,
0.494990,0.068155,0.068771,0.065958,0.065493,0.067822,
0.496994,0.068255,0.068688,0.065915,0.065572,0.067828,
0.498998,0.068351,0.068600,0.065868,0.065647,0.067828,
0.501002,0.068441,0.068506,0.065817,0.065719,0.067822,
0.503006,0.068526,0.068408,0.065761,0.065787,0.067811,
0.505010,0.068607,0.068304,0.065701,0.065851,0.067793,
0.507014,0.068682,0.068196,0.065636,0.065910,0.067770,
0.509018,0.068752,0.068083,0.065568,0.065966,0.067741,
0.511022,0.068818,0.067965,0.065496,0.066017,0.067706,
0.513026,0.068878,0.067842,0.065419,0.066064,0.067665,
0.515030,0.068932,0.067715,0.065339,0.066107,0.067618,
0.517034,0.068982,0.067583,0.065255,0.066146,0.067565,
0.519038,0.069026,0.067446,0.065167,0.066180,0.067506,
0.521042,0.069064,0.067306,0.065076,0.066209,0.067441,
0.523046,0.069098,0.067160,0.064982,0.066235,0.067370,
0.525050,0.069125,0.067011,0.064884,0.066255,0.067294,
0.527054,0.069148,0.066857,0.064782,0.066271,0.067211,
0.529058,0.069164,0.066699,0.064678,0.066283,0.067123,
0.531062,0.069176,0.066537,0.064570,0.066289,0.067030,
0.533066,0.069181,0.066371,0.064459,0.066291,0.066931,
0.535070,0.069181,0.066202,0.064345,0.066289,0.066826,
0.537074,0.069175,0.066028,0.064229,0.066282,0.066716,
0.539078,0.069163,0.065850,0.064110,0.066270,0.066601,
0.541082,0.069146,0.065669,0.063987,0.066253,0.066481,
0.543086,0.069123,0.065485,0.063863,0.066231,0.066356,
0.545090,0.069094,0.065296,0.063735,0.066205,0.066226,
0.547094,0.069059,0.065105,0.063605,0.066174,0.066091,
0.549098,0.069018,0.064909,0.063473,0.066138,0.065952,
0.551102,0.068972,0.064711,0.063338,0.066098,0.065808,
0.553106,0.068920,0.064509,0.063201,0.066053,0.065660,
0.555110,0.068861,0.064305,0.063062,0.066003,0.065508,
0.557114,0.068797,0.064097,0.062920,0.065949,0.065351,
0.559118,0.068727,0.063886,0.062776,0.065890,0.065191,
0.561122,0.068651,0.063672,0.062630,0.065826,0.065027,
0.563126,0.068569,0.063455,0.062482,0.065758,0.064859,
0.565130,0.068482,0.063236,0.062332,0.065685,0.064687,
0.567134,0.068388,0.063014,0.062180,0.065608,0.064513,
0.569138,0.068289,0.062789,0.062026,0.065526,0.064334,
0.571142,0.068183,0.062562,0.061870,0.065440,0.064153,
0.573146,0.068072,0.062332,0.061712,0.065350,0.063969,
0.575150,0.067956,0.062099,0.061552,0.065255,0.063781,
0.577154,0.067833,0.061864,0.061390,0.065155,0.063591,
0.579158,0.067705,0.061627,0.061226,0.065052,0.063398,
0.581162,0.067571,0.061388,0.061061,0.064944,0.063202,
0.583166,0.067431,0.061147,0.060893,0.064833,0.063004,
0.585170,0.067286,0.060903,0.060724,0.064717,0.062803,
0.587174,0.067136,0.060657,0.060553,0.064597,0.062599,
0.589178,0.066980,0.060410,0.060381,0.064473,0.062394,
0.591182,0.066819,0.060160,0.060206,0.064345,0.062186,
0.593186,0.066652,0.059909,0.060030,0.064213,0.061975,
0.595190,0.066480,0.059655,0.059852,0.064078,0.061763,
0.597194,0.066303,0.059400,0.059673,0.063938,0.061548,
0.599198,0.066121,0.059144,0.059492,0.063795,0.061332,
0.601202,0.065934,0.058885,0.059309,0.063648,0.061113,
0.603206,0.065742,0.058625,0.059124,0.063498,0.060893,
0.605210,0.065545,0.058364,0.058938,0.063344,0.060671,
0.607214,0.065343,0.058101,0.058751,0.063186,0.060447,
0.609218,0.065137,0.057836,0.058561,0.063025,0.060221,
0.611222,0.064926,0.057570,0.058370,0.062861,0.059993,
0.613226,0.064711,0.057303,0.058178,0.062693,0.059764,
0.615230,0.064491,0.057035,0.057983,0.062522,0.059532,
0.617234,0.064267,0.056765,0.057788,0.062347,0.059300,
0.619238,0.064039,0.056494,0.057590,0.062169,0.059065,
0.621242,0.063807,0.056222,0.057391,0.061988,0.058830,
0.623246,0.063571,0.055949,0.057191,0.061804,0.058592,
0.625251,0.063331,0.055674,0.056989,0.061617,0.058353,
0.627255,0.063087,0.055399,0.056785,0.061427,0.058113,
0.629259,0.062840,0.055122,0.056580,0.061234,0.057871,
0.631263,0.062589,0.054845,0.056374,0.061037,0.057628,
0.633267,0.062334,0.054567,0.056165,0.060838,0.057383,
0.635271,0.062077,0.054288,0.055956,0.060636,0.057137,
0.637275,0.061816,0.054008,0.055745,0.060431,0.056890,
0.639279,0.061551,0.053727,0.055532,0.060224,0.056641,
0.641283,0.061284,0.053445,0.055318,0.060013,0.056391,
0.643287,0.061014,0.053163,0.055102,0.059800,0.056140,
0.645291,0.060741,0.052880,0.054885,0.059585,0.055887,
0.647295,0.060465,0.052596,0.054667,0.059366,0.055634,
0.649299,0.060186,0.052311,0.054447,0.059145,0.055379,
0.651303,0.059905,0.052026,0.054225,0.058921,0.055122,
0.653307,0.059621,0.051740,0.054002,0.058695,0.054865,
0.655311,0.059335,0.051454,0.053778,0.058467,0.054607,
0.657315,0.059046,0.051167,0.053552,0.058236,0.054347,
0.659319,0.058755,0.050880,0.053325,0.058002,0.054086,
0.661323,0.058462,0.050592,0.053097,0.057767,0.053824,
0.663327,0.058167,0.050303,0.052867,0.057528,0.053561,
0.665331,0.057870,0.050014,0.052635,0.057288,0.053297,
0.667335,0.057570,0.049725,0.052402,0.057045,0.053032,
0.669339,0.057269,0.049435,0.052168,0.056800,0.052766,
0.671343,0.056966,0.049145,0.051933,0.056553,0.052499,
0.673347,0.056661,0.048854,0.051696,0.056304,0.052231,
0.675351,0.056355,0.048563,0.051457,0.056052,0.051962,
0.677355,0.056046,0.048272,0.051218,0.055799,0.051692,
0.679359,0.055737,0.047980,0.050977,0.055543,0.051420,
0.681363,0.055425,0.047688,0.050735,0.055286,0.051148,
0.683367,0.055112,0.047396,0.050491,0.055026,0.050875,
0.685371,0.054798,0.047103,0.050246,0.054764,0.050601,
0.687375,0.054482,0.046810,0.050000,0.054501,0.050326,
0.689379,0.054165,0.046517,0.049752,0.054235,0.050050,
0.691383,0.053847,0.046223,0.049503,0.053968,0.049774,
0.693387,0.053527,0.045929,0.049253,0.053699,0.049496,
0.695391,0.053206,0.045636,0.049001,0.053427,0.049217,
0.697395,0.052884,0.045341,0.048748,0.053155,0.048938,
0.699399,0.052561,0.045047,0.048494,0.052880,0.048658,
0.701403,0.052237,0.044752,0.048239,0.052604,0.048377,
0.703407,0.051911,0.044458,0.047982,0.052325,0.048095,
0.705411,0.051585,0.044163,0.047725,0.052046,0.047812,
0.707415,0.051258,0.043867,0.047465,0.051764,0.047528,
0.709419,0.050929,0.043572,0.047205,0.051481,0.047243,
0.711423,0.050600,0.043277,0.046943,0.051196,0.046958,
0.713427,0.050270,0.042981,0.046681,0.050910,0.046672,
0.715431,0.049939,0.042685,0.046417,0.050622,0.046385,
0.717435,0.049608,0.042389,0.046151,0.050332,0.046097,
0.719439,0.049275,0.042093,0.045885,0.050041,0.045809,
0.721443,0.048942,0.041797,0.045617,0.049749,0.045520,
0.723447,0.048608,0.041501,0.045348,0.049455,0.045230,
0.725451,0.048273,0.041205,0.045078,0.049159,0.044939,
0.727455,0.047938,0.040908,0.044807,0.048862,0.044647,
0.729459,0.047602,0.040612,0.044534,0.048564,0.044355,
0.731463,0.047265,0.040315,0.044261,0.048264,0.044062,
0.733467,0.046928,0.040018,0.043986,0.047963,0.043768,
0.735471,0.046590,0.039721,0.043710,0.047660,0.043473,
0.737475,0.046252,0.039424,0.043433,0.047357,0.043178,
0.739479,0.045913,0.039127,0.043155,0.047051,0.042882,
0.741483,0.045574,0.038830,0.042876,0.046745,0.042585,
0.743487,0.045234,0.038533,0.042595,0.046437,0.042288,
0.745491,0.044893,0.038236,0.042314,0.046128,0.041990,
0.747495,0.044552,0.037939,0.042031,0.045818,0.041691,
0.749499,0.044211,0.037641,0.041748,0.045506,0.041392,
0.751503,0.043869,0.037344,0.041463,0.045193,0.041092,
0.753507,0.043527,0.037046,0.041177,0.044879,0.040791,
0.755511,0.043184,0.036749,0.040890,0.044564,0.040489,
0.757515,0.042841,0.036451,0.040602,0.044247,0.040187,
0.759519,0.042497,0.036154,0.040313,0.043930,0.039884,
0.761523,0.042154,0.035856,0.040023,0.043611,0.039581,
0.763527,0.041810,0.035558,0.039731,0.043291,0.039277,
0.765531,0.041465,0.035260,0.039439,0.042970,0.038972,
0.767535,0.041120,0.034963,0.039146,0.042648,0.038666,
0.769539,0.040775,0.034665,0.038852,0.042324,0.038360,
0.771543,0.040430,0.034367,0.038556,0.042000,0.038054,
0.773547,0.040084,0.034069,0.038260,0.041674,0.037747,
0.775551,0.039738,0.033771,0.037963,0.041348,0.037439,
0.777555,0.039392,0.033473,0.037664,0.041020,0.037130,
0.779559,0.039045,0.033175,0.037365,0.040692,0.036821,
0.781563,0.038699,0.032877,0.037065,0.040362,0.036511,
0.783567,0.038352,0.032579,0.036764,0.040031,0.036201,
0.785571,0.038005,0.032281,0.036462,0.039700,0.035890,
0.787575,0.037657,0.031983,0.036158,0.039367,0.035579,
0.789579,0.037310,0.031684,0.035854,0.039033,0.035267,
0.791583,0.036962,0.031386,0.035549,0.038699,0.034954,
0.793587,0.036614,0.031088,0.035243,0.038363,0.034641,
0.795591,0.036266,0.030790,0.034937,0.038026,0.034327,
0.797595,0.035917,0.030491,0.034629,0.037689,0.034013,
0.799599,0.035569,0.030193,0.034320,0.037350,0.033698,
0.801603,0.035220,0.029895,0.034011,0.037011,0.033383,
0.803607,0.034871,0.029597,0.033700,0.036671,0.033067,
0.805611,0.034522,0.029298,0.033389,0.036330,0.032750,
0.807615,0.034173,0.029000,0.033077,0.035988,0.032433,
0.809619,0.033823,0.028701,0.032764,0.035645,0.032116,
0.811623,0.033474,0.028403,0.032450,0.035301,0.031798,
0.813627,0.033124,0.028104,0.032135,0.034956,0.031479,
0.815631,0.032775,0.027806,0.031819,0.034611,0.031160,
0.817635,0.032425,0.027508,0.031503,0.034264,0.030841,
0.819639,0.032075,0.027209,0.031186,0.033917,0.030521,
0.821643,0.031725,0.026911,0.030867,0.033569,0.030200,
0.823647,0.031375,0.026612,0.030549,0.033220,0.029879,
0.825651,0.031024,0.026313,0.030229,0.032870,0.029557,
0.827655,0.030674,0.026015,0.029908,0.032520,0.029235,
0.829659,0.030323,0.025716,0.029587,0.032169,0.028913,
0.831663,0.029973,0.025418,0.029265,0.031817,0.028590,
0.833667,0.029622,0.025119,0.028942,0.031464,0.028267,
0.835671,0.029271,0.024820,0.028619,0.031110,0.027943,
0.837675,0.028920,0.024522,0.028295,0.030756,0.027618,
0.839679,0.028569,0.024223,0.027970,0.030401,0.027294,
0.841683,0.028218,0.023924,0.027644,0.030045,0.026968,
0.843687,0.027867,0.023626,0.027317,0.029689,0.026643,
0.845691,0.027516,0.023327,0.026990,0.029331,0.026317,
0.847695,0.027165,0.023028,0.026662,0.028974,0.025990,
0.849699,0.026814,0.022730,0.026334,0.028615,0.025663,
0.851703,0.026462,0.022431,0.026005,0.028256,0.025336,
0.853707,0.026111,0.022132,0.025675,0.027896,0.025008,
0.855711,0.025759,0.021833,0.025344,0.027535,0.024680,
0.857715,0.025408,0.021534,0.025013,0.027174,0.024352,
0.859719,0.025056,0.021236,0.024681,0.026812,0.024023,
0.861723,0.024704,0.020937,0.024348,0.026449,0.023693,
0.863727,0.024352,0.020638,0.024015,0.026086,0.023364,
0.865731,0.024001,0.020339,0.023681,0.025722,0.023034,
0.867735,0.023649,0.020040,0.023347,0.025357,0.022703,
0.869739,0.023297,0.019741,0.023012,0.024992,0.022372,
0.871743,0.022945,0.019443,0.022676,0.024627,0.022041,
0.873747,0.022593,0.019144,0.022340,0.024260,0.021710,
0.875752,0.022241,0.018845,0.022003,0.023893,0.021378,
0.877756,0.021888,0.018546,0.021666,0.023526,0.021046,
0.879760,0.021536,0.018247,0.021328,0.023158,0.020713,
0.881764,0.021184,0.017948,0.020989,0.022789,0.020380,
0.883768,0.020832,0.017649,0.020650,0.022420,0.020047,
0.885772,0.020479,0.017350,0.020310,0.022051,0.019713,
0.887776,0.020127,0.017051,0.019970,0.021680,0.019379,
0.889780,0.019775,0.016752,0.019630,0.021310,0.019045,
0.891784,0.019422,0.016453,0.019288,0.020938,0.018711,
0.893788,0.019070,0.016154,0.018947,0.020567,0.018376,
0.895792,0.018717,0.015855,0.018605,0.020195,0.018041,
0.897796,0.018365,0.015556,0.018262,0.019822,0.017706,
0.899800,0.018012,0.015257,0.017919,0.019449,0.017370,
0.901804,0.017659,0.014958,0.017575,0.019075,0.017034,
0.903808,0.017307,0.014659,0.017231,0.018701,0.016698,
0.905812,0.016954,0.014360,0.016887,0.018326,0.016361,
0.907816,0.016601,0.014061,0.016542,0.017951,0.016024,
0.909820,0.016249,0.013762,0.016196,0.017576,0.015687,
0.911824,0.015896,0.013463,0.015850,0.017200,0.015350,
0.913828,0.015543,0.013164,0.015504,0.016824,0.015013,
0.915832,0.015190,0.012865,0.015158,0.016447,0.014675,
0.917836,0.014837,0.012566,0.014811,0.016070,0.014337,
0.919840,0.014484,0.012267,0.014463,0.015693,0.013999,
0.921844,0.014131,0.011968,0.014115,0.015315,0.013660,
0.923848,0.013778,0.011669,0.013767,0.014937,0.013322,
0.925852,0.013425,0.011369,0.013419,0.014558,0.012983,
0.927856,0.013072,0.011070,0.013070,0.014180,0.012644,
0.929860,0.012719,0.010771,0.012721,0.013800,0.012304,
0.931864,0.012366,0.010472,0.012371,0.013421,0.011965,
0.933868,0.012013,0.010173,0.012021,0.013041,0.011625,
0.935872,0.011660,0.009874,0.011671,0.012661,0.011285,
0.937876,0.011307,0.009575,0.011321,0.012280,0.010945,
0.939880,0.010954,0.009275,0.010970,0.011900,0.010605,
0.941884,0.010601,0.008976,0.010619,0.011518,0.010265,
0.943888,0.010248,0.008677,0.010268,0.011137,0.009924,
0.945892,0.009894,0.008378,0.009916,0.010756,0.009583,
0.947896,0.009541,0.008079,0.009564,0.010374,0.009242,
0.949900,0.009188,0.007780,0.009212,0.009992,0.008901,
0.951904,0.008835,0.007480,0.008860,0.009609,0.008560,
0.953908,0.008481,0.007181,0.008507,0.009227,0.008219,
0.955912,0.008128,0.006882,0.008154,0.008844,0.007877,
0.957916,0.007775,0.006583,0.007801,0.008461,0.007536,
0.959920,0.007422,0.006284,0.007448,0.008078,0.007194,
0.961924,0.007068,0.005984,0.007095,0.007694,0.006852,
0.963928,0.006715,0.005685,0.006741,0.007311,0.006510,
0.965932,0.006362,0.005386,0.006387,0.006927,0.006168,
0.967936,0.006008,0.005087,0.006033,0.006543,0.005826,
0.969940,0.005655,0.004788,0.005679,0.006159,0.005484,
0.971944,0.005301,0.004488,0.005325,0.005775,0.005142,
0.973948,0.004948,0.004189,0.004971,0.005390,0.004799,
0.975952,0.004595,0.003890,0.004616,0.005006,0.004457,
0.977956,0.004241,0.003591,0.004262,0.004621,0.004114,
0.979960,0.003888,0.003292,0.003907,0.004237,0.003772,
0.981964,0.003534,0.002992,0.003552,0.003852,0.003429,
0.983968,0.003181,0.002693,0.003197,0.003467,0.003086,
0.985972,0.002828,0.002394,0.002842,0.003082,0.002743,
0.987976,0.002474,0.002095,0.002487,0.002697,0.002401,
0.989980,0.002121,0.001795,0.002132,0.002312,0.002058,
0.991984,0.001767,0.001496,0.001777,0.001926,0.001715,
0.993988,0.001414,0.001197,0.001421,0.001541,0.001372,
0.995992,0.001060,0.000898,0.001066,0.001156,0.001029,
0.997996,0.000707,0.000598,0.000711,0.000771,0.000686,
1.000000,0.000353,0.000299,0.000355,0.000385,0.000343,
